                  epoch,         train/box_loss,         train/cls_loss,         train/dfl_loss,   metrics/precision(B),      metrics/recall(B),       metrics/mAP50(B),    metrics/mAP50-95(B),           val/box_loss,           val/cls_loss,           val/dfl_loss,                 lr/pg0,                 lr/pg1,                 lr/pg2
                      1,                 6.6102,                 53.768,                 4.2252,                      0,                      0,                      0,                      0,                 6.7819,                 69.938,                 4.1667,                0.00014,                0.00014,                0.00014
                      2,                 6.5777,                 62.607,                  4.294,                      0,                      0,                      0,                      0,                 6.7826,                 70.836,                 4.1725,             0.00029881,             0.00029881,             0.00029881
                      3,                  6.534,                 41.332,                 4.1632,                      0,                      0,                      0,                      0,                 6.7818,                  69.77,                 4.1746,             0.00045636,             0.00045636,             0.00045636
                      4,                 6.2205,                 25.197,                 3.9005,                      0,                      0,                      0,                      0,                 6.7735,                 56.267,                 4.1382,             0.00061263,             0.00061263,             0.00061263
                      5,                 5.2598,                 12.755,                 3.0145,                      0,                      0,                      0,                      0,                 6.7603,                 25.602,                 4.2715,             0.00076764,             0.00076764,             0.00076764
                      6,                  3.838,                  6.192,                 2.1927,                      0,                      0,                      0,                      0,                 6.7397,                 25.745,                 4.1188,             0.00092139,             0.00092139,             0.00092139
                      7,                 3.6282,                  5.163,                 1.9386,                      0,                      0,                      0,                      0,                 6.7163,                 26.518,                 4.1035,              0.0010739,              0.0010739,              0.0010739
                      8,                   3.24,                   4.58,                 1.7144,                      0,                      0,                      0,                      0,                 6.7065,                 18.732,                 3.9298,              0.0012251,              0.0012251,              0.0012251
                      9,                 2.8597,                 3.7232,                 1.6243,                      0,                      0,                      0,                      0,                 6.7655,                 54.829,                 4.7018,               0.001375,               0.001375,               0.001375
                     10,                 2.6883,                  3.348,                 1.4609,                      0,                      0,                      0,                      0,                 6.6944,                  26.28,                 4.1965,              0.0015237,              0.0015237,              0.0015237
                     11,                    2.5,                 2.7756,                  1.395,                      0,                      0,                      0,                      0,                 6.1101,                 17.268,                 3.5037,              0.0016711,              0.0016711,              0.0016711
                     12,                 2.3548,                 2.5121,                 1.3677,                  6e-05,                0.00642,                  3e-05,                  1e-05,                  6.136,                 6.4815,                 3.1555,              0.0018172,              0.0018172,              0.0018172
                     13,                  2.226,                 2.2118,                 1.3479,                0.21201,                0.00321,                0.00715,                0.00212,                 4.5248,                  6.655,                 2.3487,               0.001905,               0.001905,               0.001905
                     14,                 2.0223,                 1.9614,                 1.3124,                0.57445,                0.07367,                0.13794,                0.05463,                 3.0951,                 3.5801,                 1.7269,               0.001905,               0.001905,               0.001905
                     15,                  1.998,                 1.7443,                  1.238,                0.58266,                0.10915,                0.17541,                0.07701,                 2.6611,                 3.3663,                  1.584,               0.001897,               0.001897,               0.001897
                     16,                 1.8475,                 1.5593,                 1.1987,                0.87294,                0.31621,                0.44666,                 0.1806,                 2.2828,                 2.7056,                 1.4252,              0.0018891,              0.0018891,              0.0018891
                     17,                 1.7489,                 1.5032,                 1.1589,                0.74126,                0.42857,                0.52526,                0.24728,                 2.0338,                 2.2587,                 1.3333,              0.0018812,              0.0018812,              0.0018812
                     18,                 1.7243,                 1.4177,                 1.1486,                0.73797,                0.60576,                0.63049,                0.20515,                 2.0964,                 1.6281,                 1.2531,              0.0018733,              0.0018733,              0.0018733
                     19,                 1.6753,                 1.3271,                   1.11,                0.88932,                0.72222,                0.80328,                0.43813,                 1.6248,                 1.3409,                 1.1179,              0.0018654,              0.0018654,              0.0018654
                     20,                 1.5505,                 1.2304,                 1.0838,                0.94697,                0.80256,                0.87921,                0.56727,                 1.3199,                 1.0984,                 1.0544,              0.0018574,              0.0018574,              0.0018574
                     21,                 1.5596,                 1.2217,                 1.0772,                 0.9181,                0.80096,                0.87961,                0.53638,                 1.3943,                 1.1169,                 1.0655,              0.0018495,              0.0018495,              0.0018495
                     22,                 1.4658,                 1.1384,                 1.0569,                0.92818,                0.82983,                0.90352,                 0.5372,                 1.3976,                 1.0189,                 1.0452,              0.0018416,              0.0018416,              0.0018416
                     23,                 1.4309,                 1.0752,                 1.0353,                0.96668,                0.86517,                0.92572,                0.59858,                 1.2284,                0.88293,                 1.0057,              0.0018337,              0.0018337,              0.0018337
                     24,                 1.3376,                 1.0127,                 1.0151,                0.91567,                0.83658,                 0.9037,                0.56836,                 1.2624,                0.92199,                 1.0062,              0.0018258,              0.0018258,              0.0018258
                     25,                  1.347,                0.96667,                 1.0154,                0.95622,                0.87647,                0.92917,                0.61081,                 1.1754,                0.77758,                0.98166,              0.0018178,              0.0018178,              0.0018178
                     26,                  1.334,                0.94649,                 1.0083,                0.96781,                0.87319,                0.93481,                 0.5889,                 1.1487,                 0.7422,                0.96004,              0.0018099,              0.0018099,              0.0018099
                     27,                 1.3466,                 0.9281,                0.99641,                0.95199,                0.89085,                 0.9387,                0.54967,                 1.3359,                0.76408,                0.98127,               0.001802,               0.001802,               0.001802
                     28,                 1.2701,                 0.9111,                0.97545,                0.95516,                 0.9053,                0.94699,                0.65332,                  1.059,                0.67398,                0.93277,              0.0017941,              0.0017941,              0.0017941
                     29,                 1.2266,                0.87101,                  0.974,                0.96581,                 0.9069,                0.94961,                0.67271,                 1.0183,                0.65472,                0.92177,              0.0017862,              0.0017862,              0.0017862
                     30,                 1.2245,                 0.8456,                0.95129,                0.95631,                0.91332,                0.95259,                0.64959,                 1.0718,                0.64163,                0.92177,              0.0017782,              0.0017782,              0.0017782
                     31,                 1.1623,                0.80652,                0.94173,                0.97113,                0.89567,                0.94568,                0.62047,                 1.1125,                0.69919,                0.93629,              0.0017703,              0.0017703,              0.0017703
                     32,                   1.15,                   0.81,                0.93761,                0.96318,                0.91653,                0.95382,                0.67934,                 0.9581,                0.60065,                0.91377,              0.0017624,              0.0017624,              0.0017624
                     33,                 1.2497,                 0.8233,                0.96124,                 0.9668,                0.92135,                0.96059,                0.70238,                0.93199,                0.58536,                0.89671,              0.0017545,              0.0017545,              0.0017545
                     34,                 1.1497,                0.77629,                  0.929,                0.96368,                 0.9053,                0.95483,                0.68688,                0.99092,                0.61624,                0.91359,              0.0017466,              0.0017466,              0.0017466
                     35,                 1.0834,                0.73793,                0.92575,                0.97132,                0.91653,                0.96116,                0.70527,                0.97293,                  0.588,                0.91544,              0.0017386,              0.0017386,              0.0017386
                     36,                  1.105,                0.71733,                0.92443,                0.96755,                0.90943,                0.95901,                0.69031,                0.94972,                 0.6165,                0.90519,              0.0017307,              0.0017307,              0.0017307
                     37,                 1.1294,                 0.7165,                0.92361,                0.96162,                0.92456,                0.96454,                0.71605,                 0.8824,                0.53755,                0.89107,              0.0017228,              0.0017228,              0.0017228
                     38,                 1.1266,                0.72407,                0.91144,                0.98083,                0.90353,                 0.9559,                 0.7041,                 0.9325,                0.55422,                0.89905,              0.0017149,              0.0017149,              0.0017149
                     39,                 1.0638,                0.69009,                0.91271,                0.97449,                0.92937,                0.96747,                0.69439,                0.89388,                0.56419,                0.88623,               0.001707,               0.001707,               0.001707
                     40,                 1.0393,                0.66167,                0.90813,                0.96965,                0.91814,                0.96261,                0.72903,                0.88074,                0.57413,                0.88894,               0.001699,               0.001699,               0.001699
                     41,                  1.032,                0.67287,                0.91981,                0.97373,                0.92777,                0.96932,                 0.7271,                0.87758,                0.52022,                0.88364,              0.0016911,              0.0016911,              0.0016911
                     42,                 1.0353,                0.65503,                0.91281,                0.97566,                0.91974,                0.97002,                0.73554,                 0.9057,                0.54533,                0.88523,              0.0016832,              0.0016832,              0.0016832
                     43,                 1.0494,                0.67087,                 0.9191,                0.97262,                0.91222,                0.96728,                0.70696,                0.96029,                0.58117,                0.90106,              0.0016753,              0.0016753,              0.0016753
                     44,                 1.0092,                0.64067,                0.91333,                0.96977,                0.92674,                0.96107,                0.72304,                0.87411,                0.60988,                0.89396,              0.0016674,              0.0016674,              0.0016674
                     45,                 1.0313,                0.64899,                0.90868,                0.96886,                0.93419,                0.96998,                0.73952,                0.86627,                0.53662,                  0.881,              0.0016594,              0.0016594,              0.0016594
                     46,                0.99318,                0.62803,                0.89557,                 0.9686,                0.93258,                0.96963,                0.72898,                0.84794,                0.52766,                0.87519,              0.0016515,              0.0016515,              0.0016515
                     47,                 1.0213,                0.63309,                0.89327,                0.96094,                 0.9477,                0.96886,                0.71729,                0.86657,                0.51493,                0.87073,              0.0016436,              0.0016436,              0.0016436
                     48,                 1.0862,                0.64988,                0.91123,                0.97986,                0.92295,                0.97255,                0.74408,                0.84998,                0.51939,                0.87947,              0.0016357,              0.0016357,              0.0016357
                     49,                 1.0508,                0.64533,                0.88995,                0.97152,                0.93081,                0.96635,                0.71558,                0.85437,                0.53634,                0.87462,              0.0016278,              0.0016278,              0.0016278
                     50,                0.94155,                0.61929,                0.87299,                0.97302,                0.92609,                0.96653,                0.75165,                0.80696,                0.54382,                0.86272,              0.0016198,              0.0016198,              0.0016198
                     51,                0.94667,                0.59639,                0.88779,                0.96225,                 0.9411,                0.96769,                0.73642,                0.80369,                0.52418,                0.86474,              0.0016119,              0.0016119,              0.0016119
                     52,                0.94954,                0.59758,                0.88497,                0.94521,                0.95345,                0.96497,                0.72943,                0.79608,                0.50546,                0.86158,               0.001604,               0.001604,               0.001604
                     53,                0.91836,                0.55289,                0.87878,                0.96658,                0.92834,                0.96975,                0.74414,                0.83692,                0.50402,                0.87383,              0.0015961,              0.0015961,              0.0015961
                     54,                0.92847,                0.57436,                0.88333,                0.96574,                0.91653,                0.96448,                0.75869,                0.79154,                0.49885,                0.86174,              0.0015882,              0.0015882,              0.0015882
                     55,                0.95477,                0.57651,                0.88055,                0.97451,                0.92937,                0.97304,                0.75747,                0.87544,                0.49277,                0.87037,              0.0015802,              0.0015802,              0.0015802
                     56,                0.89446,                0.55839,                0.86675,                0.97304,                0.92697,                0.97648,                0.73663,                0.85652,                0.49086,                0.86353,              0.0015723,              0.0015723,              0.0015723
                     57,                0.89858,                0.54416,                0.86274,                0.98087,                0.92777,                0.97665,                0.74918,                0.81421,                0.47258,                0.86117,              0.0015644,              0.0015644,              0.0015644
                     58,                0.97108,                 0.5915,                0.89294,                0.97573,                0.92937,                 0.9735,                0.74628,                0.80421,                0.49125,                0.85792,              0.0015565,              0.0015565,              0.0015565
                     59,                0.89117,                0.57208,                0.87172,                0.98135,                0.92925,                0.97182,                0.76055,                 0.7679,                0.46601,                0.85032,              0.0015486,              0.0015486,              0.0015486
                     60,                 0.9251,                0.55211,                0.88009,                 0.9879,                0.91716,                0.96963,                 0.7743,                0.71975,                 0.4422,                0.85089,              0.0015406,              0.0015406,              0.0015406
                     61,                0.84253,                0.52768,                0.85964,                0.97971,                0.93029,                0.97415,                0.78514,                0.72512,                0.41968,                0.84819,              0.0015327,              0.0015327,              0.0015327
                     62,                0.90867,                0.54756,                0.87575,                0.97251,                0.94061,                0.97451,                0.74201,                0.81664,                0.49473,                0.85754,              0.0015248,              0.0015248,              0.0015248
                     63,                0.97632,                0.58464,                 0.8841,                0.98781,                0.91015,                0.97096,                0.74362,                0.83091,                0.51967,                0.86022,              0.0015169,              0.0015169,              0.0015169
                     64,                0.91447,                  0.553,                0.87367,                0.97029,                0.94357,                0.97793,                0.77272,                0.77005,                0.48045,                0.85059,               0.001509,               0.001509,               0.001509
                     65,                0.88221,                0.53492,                0.86199,                0.97228,                0.93258,                0.97139,                0.76254,                0.75004,                0.52162,                0.85125,               0.001501,               0.001501,               0.001501
                     66,                0.88011,                0.51467,                0.85732,                0.97848,                 0.9374,                 0.9752,                0.75918,                0.73688,                0.45669,                 0.8509,              0.0014931,              0.0014931,              0.0014931
                     67,                0.86127,                0.51866,                0.86674,                0.96999,                0.93393,                0.96967,                 0.7732,                0.75215,                0.46197,                0.85676,              0.0014852,              0.0014852,              0.0014852
                     68,                0.87898,                0.51717,                0.86789,                 0.9749,                0.94382,                0.97977,                0.76692,                0.74622,                  0.436,                0.84809,              0.0014773,              0.0014773,              0.0014773
                     69,                0.86843,                0.52855,                  0.867,                0.96112,                0.95345,                0.97562,                0.79478,                0.71844,                  0.417,                0.84811,              0.0014694,              0.0014694,              0.0014694
                     70,                0.86662,                0.51067,                0.85588,                0.96843,                0.95024,                0.97806,                 0.8031,                0.70381,                0.40698,                  0.844,              0.0014614,              0.0014614,              0.0014614
                     71,                 0.8317,                0.48757,                0.84405,                0.98291,                0.93258,                0.97693,                0.79028,                0.68161,                0.40357,                0.84454,              0.0014535,              0.0014535,              0.0014535
                     72,                0.86926,                0.51137,                0.86447,                0.97257,                 0.9374,                0.97625,                 0.7778,                   0.78,                0.45445,                0.85292,              0.0014456,              0.0014456,              0.0014456
                     73,                0.86295,                0.50644,                 0.8672,                0.95768,                0.96148,                0.98079,                0.78708,                0.71563,                0.41728,                0.84234,              0.0014377,              0.0014377,              0.0014377
                     74,                0.82508,                0.48469,                0.85911,                0.97178,                0.93953,                0.97919,                0.79571,                0.66896,                0.39505,                0.84086,              0.0014298,              0.0014298,              0.0014298
                     75,                0.81531,                0.48184,                 0.8532,                0.97985,                0.93676,                 0.9803,                0.78261,                0.70639,                0.40882,                0.84213,              0.0014218,              0.0014218,              0.0014218
                     76,                0.83857,                 0.4808,                0.84696,                 0.9706,                  0.939,                0.98121,                 0.7969,                0.70851,                0.41996,                0.83605,              0.0014139,              0.0014139,              0.0014139
                     77,                0.88415,                 0.4921,                0.85103,                0.96929,                0.94382,                0.97722,                0.77868,                0.74759,                0.41829,                 0.8395,               0.001406,               0.001406,               0.001406
                     78,                0.83467,                 0.4759,                0.84909,                0.97188,                0.94306,                0.98029,                0.80877,                0.64522,                0.37707,                0.83736,              0.0013981,              0.0013981,              0.0013981
                     79,                0.85548,                0.48855,                0.86126,                0.98279,                0.93419,                0.98033,                0.78983,                0.68562,                 0.3911,                0.83995,              0.0013902,              0.0013902,              0.0013902
                     80,                0.84526,                0.48543,                0.85341,                0.97205,                0.94885,                0.97931,                0.77501,                0.70669,                 0.4023,                0.84094,              0.0013822,              0.0013822,              0.0013822
                     81,                0.79499,                0.47325,                0.84146,                 0.9799,                0.94864,                0.97978,                0.79569,                0.69202,                0.39426,                0.84154,              0.0013743,              0.0013743,              0.0013743
                     82,                0.80345,                0.46152,                 0.8499,                0.98138,                0.94061,                 0.9804,                0.80716,                0.65478,                0.37821,                0.83931,              0.0013664,              0.0013664,              0.0013664
                     83,                0.79736,                0.47082,                0.85294,                0.97822,                  0.937,                0.98041,                0.79119,                0.70739,                0.40323,                0.84009,              0.0013585,              0.0013585,              0.0013585
                     84,                0.84018,                0.49496,                0.85744,                0.97328,                0.93547,                0.97865,                0.80595,                0.69305,                0.42089,                0.83759,              0.0013506,              0.0013506,              0.0013506
                     85,                0.83963,                0.48951,                0.84868,                0.98166,                0.94504,                0.98256,                0.79262,                0.70243,                0.40826,                0.84265,              0.0013426,              0.0013426,              0.0013426
                     86,                0.86368,                0.49223,                0.85173,                0.98979,                0.93334,                0.98261,                0.82326,                0.63182,                0.36514,                0.83547,              0.0013347,              0.0013347,              0.0013347
                     87,                0.80031,                0.46806,                0.84801,                0.98487,                0.94012,                 0.9799,                0.78928,                 0.7278,                0.43206,                0.84778,              0.0013268,              0.0013268,              0.0013268
                     88,                0.83456,                0.48149,                0.85324,                0.97035,                0.94568,                0.97898,                0.80297,                 0.6495,                0.40264,                0.83594,              0.0013189,              0.0013189,              0.0013189
                     89,                0.77076,                 0.4532,                0.85708,                0.97548,                0.94382,                0.97952,                0.80591,                 0.6512,                0.40006,                0.83364,               0.001311,               0.001311,               0.001311
                     90,                0.81683,                0.46286,                0.85656,                0.98118,                0.91653,                0.97892,                0.80713,                0.68261,                0.41741,                0.84085,               0.001303,               0.001303,               0.001303
                     91,                0.81503,                0.48323,                0.85167,                0.97348,                0.94274,                 0.9789,                0.76231,                0.76354,                  0.418,                 0.8506,              0.0012951,              0.0012951,              0.0012951
                     92,                0.80078,                0.47617,                0.85123,                0.98718,                0.93579,                0.98081,                0.81764,                0.61354,                0.37381,                0.83541,              0.0012872,              0.0012872,              0.0012872
                     93,                0.78697,                0.46525,                0.84954,                0.98264,                0.92777,                0.97972,                0.80614,                0.70039,                0.39139,                0.83891,              0.0012793,              0.0012793,              0.0012793
                     94,                0.78661,                0.45603,                 0.8467,                 0.9706,                 0.9538,                0.98054,                0.80416,                0.65774,                0.37134,                0.83347,              0.0012714,              0.0012714,              0.0012714
                     95,                0.78267,                0.45682,                0.83833,                0.98047,                0.94382,                 0.9825,                0.81628,                0.66475,                0.36608,                0.83584,              0.0012634,              0.0012634,              0.0012634
                     96,                0.79223,                0.45557,                0.84846,                0.98169,                0.94685,                 0.9803,                0.80543,                 0.6622,                 0.3922,                0.83786,              0.0012555,              0.0012555,              0.0012555
                     97,                 0.7581,                0.44185,                0.83908,                0.97347,                0.94226,                0.97967,                0.79689,                0.66812,                0.39077,                 0.8368,              0.0012476,              0.0012476,              0.0012476
                     98,                0.74721,                0.44642,                0.83783,                 0.9823,                  0.939,                 0.9808,                0.82161,                 0.6276,                0.36422,                0.83231,              0.0012397,              0.0012397,              0.0012397
                     99,                0.72741,                0.43668,                0.84383,                0.96882,                0.94775,                 0.9779,                 0.8129,                0.66536,                0.40711,                0.83459,              0.0012318,              0.0012318,              0.0012318
                    100,                0.75964,                0.46141,                0.84326,                0.97226,                 0.9563,                0.98096,                0.80734,                0.65593,                0.40065,                0.83794,              0.0012238,              0.0012238,              0.0012238
                    101,                0.78515,                  0.462,                0.83644,                0.96532,                0.95345,                0.98049,                0.78162,                0.73394,                0.41097,                0.83965,              0.0012159,              0.0012159,              0.0012159
                    102,                0.76941,                0.45662,                0.84867,                0.98363,                0.93258,                0.98203,                0.81956,                0.63629,                0.36884,                0.83082,               0.001208,               0.001208,               0.001208
                    103,                0.80434,                0.46098,                0.85817,                0.96909,                0.95618,                0.98276,                0.78216,                0.77695,                0.42574,                0.84203,              0.0012001,              0.0012001,              0.0012001
                    104,                0.84882,                 0.4757,                0.84003,                0.97324,                0.94543,                0.97651,                0.80845,                0.68994,                0.41093,                0.83348,              0.0011922,              0.0011922,              0.0011922
                    105,                0.77357,                0.45542,                0.84065,                0.96874,                0.94515,                0.98036,                0.81336,                0.65492,                0.37603,                0.83015,              0.0011842,              0.0011842,              0.0011842
                    106,                0.78314,                0.45812,                0.83804,                0.96883,                0.94807,                0.98268,                0.83064,                0.61661,                0.36852,                0.83239,              0.0011763,              0.0011763,              0.0011763
                    107,                0.74414,                0.44148,                0.83522,                0.97219,                0.95387,                0.98071,                 0.8159,                0.61593,                0.37071,                 0.8303,              0.0011684,              0.0011684,              0.0011684
                    108,                0.74463,                0.45059,                0.83225,                0.98306,                0.94543,                0.98109,                0.81048,                0.63954,                0.37722,                0.83129,              0.0011605,              0.0011605,              0.0011605
                    109,                0.76019,                0.45183,                0.84818,                0.97464,                0.94864,                0.98079,                0.80711,                0.66226,                0.38665,                0.83206,              0.0011526,              0.0011526,              0.0011526
                    110,                0.75653,                0.42733,                0.83799,                0.96881,                 0.9474,                0.98083,                0.82865,                0.60353,                0.35678,                0.82631,              0.0011446,              0.0011446,              0.0011446
                    111,                0.74421,                0.43714,                 0.8417,                0.95848,                0.95827,                0.98285,                0.79642,                0.68096,                0.37062,                0.83176,              0.0011367,              0.0011367,              0.0011367
                    112,                0.76194,                0.43768,                0.84089,                0.96531,                0.95666,                0.98572,                0.82521,                0.65342,                0.37519,                0.82718,              0.0011288,              0.0011288,              0.0011288
                    113,                0.75653,                0.43191,                0.83808,                0.97856,                 0.9525,                0.98401,                0.82526,                0.59192,                0.34391,                0.82809,              0.0011209,              0.0011209,              0.0011209
                    114,                0.72262,                0.41578,                0.83312,                0.98814,                0.93606,                0.98655,                0.83648,                0.59764,                0.34192,                0.82729,               0.001113,               0.001113,               0.001113
                    115,                0.69566,                0.39879,                0.82768,                0.98007,                0.94729,                0.98361,                0.82769,                0.59287,                0.35663,                0.82668,               0.001105,               0.001105,               0.001105
                    116,                0.73834,                0.42487,                0.82676,                0.98329,                0.94382,                0.98386,                0.79781,                0.68982,                 0.3686,                0.83166,              0.0010971,              0.0010971,              0.0010971
                    117,                0.76553,                 0.4326,                0.83027,                0.97218,                0.95352,                0.98657,                0.80821,                0.73305,                0.38314,                0.83385,              0.0010892,              0.0010892,              0.0010892
                    118,                0.76997,                0.43819,                0.83554,                0.96292,                0.95874,                0.98163,                 0.8144,                 0.6486,                0.36221,                0.82912,              0.0010813,              0.0010813,              0.0010813
                    119,                0.75202,                0.41891,                0.83225,                0.97154,                0.94382,                0.98198,                0.80858,                  0.685,                0.38985,                0.83578,              0.0010734,              0.0010734,              0.0010734
                    120,                0.74223,                0.42186,                0.84609,                0.98304,                0.94061,                0.98281,                0.82863,                0.61381,                0.35225,                0.82428,              0.0010654,              0.0010654,              0.0010654
                    121,                0.73625,                0.41794,                0.83233,                0.99139,                 0.9374,                0.98812,                0.84255,                0.58551,                0.34565,                 0.8262,              0.0010575,              0.0010575,              0.0010575
                    122,                0.68304,                0.39409,                0.83691,                0.98775,                  0.939,                 0.9844,                0.81771,                0.63433,                0.36343,                0.82896,              0.0010496,              0.0010496,              0.0010496
                    123,                0.73268,                0.41287,                0.82963,                0.98157,                0.94044,                0.98221,                0.83314,                0.60697,                0.37363,                0.82289,              0.0010417,              0.0010417,              0.0010417
                    124,                0.68166,                0.39678,                 0.8328,                0.97708,                0.94703,                0.98163,                0.83234,                0.59129,                0.34033,                0.82353,              0.0010338,              0.0010338,              0.0010338
                    125,                0.71708,                0.40602,                0.83295,                0.97569,                0.94382,                0.98382,                0.83815,                0.57822,                0.33667,                0.82895,              0.0010258,              0.0010258,              0.0010258
                    126,                0.70482,                0.42091,                0.81872,                0.97835,                0.94277,                0.98021,                0.83353,                0.59998,                0.35472,                 0.8248,              0.0010179,              0.0010179,              0.0010179
                    127,                0.71247,                 0.4119,                0.82973,                0.98101,                0.95185,                0.98294,                0.83667,                0.60274,                 0.3484,                0.82417,                0.00101,                0.00101,                0.00101
                    128,                 0.7086,                0.41511,                0.83003,                 0.9801,                0.94703,                0.98479,                0.83741,                0.59617,                0.34942,                0.82507,              0.0010021,              0.0010021,              0.0010021
                    129,                 0.7104,                0.40583,                0.83734,                0.97685,                0.94824,                0.98907,                0.81334,                0.65371,                 0.3485,                0.82805,             0.00099416,             0.00099416,             0.00099416
                    130,                0.67011,                 0.3824,                0.83671,                0.96616,                0.96249,                0.98829,                0.83864,                0.59495,                0.33542,                0.82762,             0.00098624,             0.00098624,             0.00098624
                    131,                0.71397,                0.40417,                0.82117,                0.97054,                0.95187,                0.98161,                0.82064,                0.58931,                0.34933,                0.82382,             0.00097832,             0.00097832,             0.00097832
                    132,                0.68181,                0.40127,                0.82198,                0.97999,                0.94325,                0.98385,                0.83383,                0.59165,                0.34906,                0.82529,              0.0009704,              0.0009704,              0.0009704
                    133,                0.73287,                0.41874,                0.83028,                0.99115,                0.93258,                0.98149,                0.80818,                0.63292,                0.36351,                0.82828,             0.00096248,             0.00096248,             0.00096248
                    134,                0.70315,                0.40213,                0.82821,                0.98174,                 0.9494,                0.98419,                0.83995,                0.57303,                0.33432,                0.82068,             0.00095456,             0.00095456,             0.00095456
                    135,                0.66353,                0.38994,                0.82372,                 0.9747,                0.94864,                0.98582,                 0.8303,                0.58186,                0.33034,                0.82344,             0.00094664,             0.00094664,             0.00094664
                    136,                0.67725,                0.38909,                0.83085,                0.98336,                0.94382,                0.98845,                0.85594,                0.55129,                0.32611,                0.82094,             0.00093872,             0.00093872,             0.00093872
                    137,                 0.6634,                0.38337,                0.82442,                0.97623,                0.95185,                0.98305,                0.83329,                0.59679,                0.34401,                  0.825,              0.0009308,              0.0009308,              0.0009308
                    138,                 0.6668,                0.38409,                0.82324,                 0.9769,                0.95053,                0.98373,                 0.8285,                0.58672,                0.33661,                0.82404,             0.00092288,             0.00092288,             0.00092288
                    139,                0.64806,                  0.379,                0.81361,                0.98656,                0.94271,                0.98485,                 0.8496,                0.55945,                0.31846,                0.82167,             0.00091496,             0.00091496,             0.00091496
                    140,                 0.6653,                0.37336,                0.82105,                 0.9833,                0.94488,                0.98579,                0.81588,                0.62629,                0.34445,                0.82726,             0.00090704,             0.00090704,             0.00090704
                    141,                0.66514,                0.38138,                0.82257,                0.97852,                0.95067,                0.98762,                0.84633,                0.55396,                0.31499,                0.81881,             0.00089912,             0.00089912,             0.00089912
                    142,                0.67064,                0.38115,                0.83803,                0.97934,                0.95506,                0.98624,                0.83871,                 0.5794,                0.32836,                0.82164,              0.0008912,              0.0008912,              0.0008912
                    143,                0.67304,                0.39608,                0.83028,                0.98093,                0.95666,                0.98974,                0.83863,                0.59524,                0.32994,                0.82321,             0.00088328,             0.00088328,             0.00088328
                    144,                0.69306,                  0.387,                 0.8194,                0.98336,                0.94879,                0.98766,                0.84612,                0.57668,                0.33602,                0.82085,             0.00087536,             0.00087536,             0.00087536
                    145,                0.67486,                0.38069,                0.81836,                 0.9817,                0.94543,                0.98528,                0.84692,                0.59359,                0.32981,                0.82257,             0.00086744,             0.00086744,             0.00086744
                    146,                0.68425,                0.39659,                0.82095,                0.98431,                0.94864,                0.98455,                0.84823,                0.57195,                0.33385,                0.81711,             0.00085952,             0.00085952,             0.00085952
                    147,                0.70396,                0.39008,                0.82511,                0.98171,                0.94791,                0.98656,                0.84974,                0.55972,                0.34151,                 0.8153,              0.0008516,              0.0008516,              0.0008516
                    148,                0.67357,                0.38426,                0.81963,                0.97694,                 0.9519,                0.98731,                0.84626,                0.55575,                0.32506,                0.81678,             0.00084368,             0.00084368,             0.00084368
                    149,                0.65967,                0.38966,                0.82191,                0.98189,                0.95739,                0.98559,                0.84646,                0.54737,                0.33281,                0.81698,             0.00083576,             0.00083576,             0.00083576
                    150,                0.62594,                0.37217,                0.82282,                0.98853,                0.94061,                 0.9867,                0.85686,                0.55209,                   0.32,                 0.8178,             0.00082784,             0.00082784,             0.00082784
                    151,                 0.6581,                0.38132,                0.81855,                0.97679,                0.94583,                0.98706,                0.84628,                0.54239,                0.32942,                0.81458,             0.00081992,             0.00081992,             0.00081992
                    152,                0.68048,                0.38888,                0.82049,                0.98335,                0.94771,                0.98826,                0.84694,                0.54418,                0.32811,                0.81841,               0.000812,               0.000812,               0.000812
                    153,                0.67826,                0.37852,                0.82682,                0.98175,                0.94976,                0.98714,                0.84898,                 0.5296,                0.32384,                0.81629,             0.00080408,             0.00080408,             0.00080408
                    154,                0.66831,                0.37922,                0.81872,                0.98621,                0.95506,                0.98859,                 0.8549,                 0.5404,                0.31657,                0.81757,             0.00079616,             0.00079616,             0.00079616
                    155,                0.66056,                0.38336,                0.82456,                0.98367,                0.95345,                0.98833,                0.85516,                 0.5405,                0.31238,                0.81584,             0.00078824,             0.00078824,             0.00078824
                    156,                0.65992,                0.37139,                0.82016,                0.98343,                0.95266,                0.98748,                0.85159,                0.54168,                0.32468,                0.81545,             0.00078032,             0.00078032,             0.00078032
                    157,                0.63731,                0.37165,                0.81548,                0.98505,                0.95192,                0.98715,                0.85231,                0.54516,                0.30913,                0.81813,              0.0007724,              0.0007724,              0.0007724
                    158,                0.62726,                0.36248,                0.82241,                0.96649,                0.96629,                0.98927,                0.85616,                0.52457,                0.30539,                0.81553,             0.00076448,             0.00076448,             0.00076448
                    159,                0.65748,                0.37542,                0.81923,                0.98096,                0.94703,                 0.9885,                0.84851,                0.56253,                0.31824,                0.82024,             0.00075656,             0.00075656,             0.00075656
                    160,                0.65505,                0.38139,                0.82877,                0.96888,                0.95506,                0.98991,                 0.8593,                0.55334,                0.31213,                0.81804,             0.00074864,             0.00074864,             0.00074864
                    161,                0.64462,                0.38615,                0.81353,                0.98565,                 0.9374,                0.98987,                0.85519,                 0.5393,                0.32449,                0.81542,             0.00074072,             0.00074072,             0.00074072
                    162,                0.67265,                0.37943,                0.82731,                0.97375,                0.95271,                0.98857,                0.86236,                0.53721,                0.30632,                0.81755,              0.0007328,              0.0007328,              0.0007328
                    163,                0.68416,                0.37708,                0.83086,                0.98227,                0.94703,                0.98754,                0.83444,                0.58969,                0.33445,                0.81913,             0.00072488,             0.00072488,             0.00072488
                    164,                0.65342,                0.37529,                0.82048,                0.97533,                0.95208,                0.98914,                0.85844,                0.53189,                0.30528,                0.81695,             0.00071696,             0.00071696,             0.00071696
                    165,                0.63491,                0.35368,                0.82787,                0.97773,                0.95345,                0.98961,                0.85198,                 0.5692,                0.31691,                0.82135,             0.00070904,             0.00070904,             0.00070904
                    166,                0.60514,                0.35707,                0.81851,                0.98336,                0.94869,                0.98899,                0.85972,                0.54018,                0.30513,                0.81648,             0.00070112,             0.00070112,             0.00070112
                    167,                0.64255,                0.36858,                  0.825,                0.98658,                0.94389,                 0.9881,                0.85708,                0.54876,                0.31295,                0.81779,              0.0006932,              0.0006932,              0.0006932
                    168,                0.65111,                0.36917,                0.82224,                0.98178,                0.95162,                 0.9885,                0.83779,                0.57757,                0.32322,                0.81922,             0.00068528,             0.00068528,             0.00068528
                    169,                0.61925,                  0.364,                0.81141,                0.97069,                0.95687,                0.98866,                0.85482,                0.53962,                0.29965,                0.81654,             0.00067736,             0.00067736,             0.00067736
                    170,                0.62989,                0.35454,                0.81137,                0.98022,                 0.9543,                0.98939,                0.85762,                0.53668,                0.30411,                0.81471,             0.00066944,             0.00066944,             0.00066944
                    171,                0.65851,                0.37549,                0.82259,                0.98176,                0.95062,                0.98915,                0.84811,                0.56094,                0.32255,                0.81561,             0.00066152,             0.00066152,             0.00066152
                    172,                0.62582,                0.36104,                0.82921,                0.98665,                0.94382,                0.98568,                0.86188,                0.54508,                0.31047,                0.81519,              0.0006536,              0.0006536,              0.0006536
                    173,                0.67538,                0.37102,                0.82012,                0.98477,                0.94382,                0.98869,                0.86068,                0.54267,                0.30949,                0.81435,             0.00064568,             0.00064568,             0.00064568
                    174,                0.64383,                0.36094,                0.81219,                0.98364,                0.94543,                 0.9889,                0.86496,                0.50594,                0.29572,                0.81271,             0.00063776,             0.00063776,             0.00063776
                    175,                0.60157,                0.34565,                0.82155,                0.97868,                0.95773,                0.98993,                0.85882,                0.50951,                0.29107,                0.81366,             0.00062984,             0.00062984,             0.00062984
                    176,                0.59392,                0.35264,                0.81238,                0.97555,                0.96053,                0.99024,                0.86152,                0.51428,                0.29881,                0.81461,             0.00062192,             0.00062192,             0.00062192
                    177,                0.62858,                0.36479,                0.82636,                0.98025,                0.94864,                0.98357,                0.84274,                 0.5422,                0.32153,                0.81788,               0.000614,               0.000614,               0.000614
                    178,                0.62596,                0.35215,                0.81413,                0.98786,                0.94543,                0.98467,                0.86339,                0.51177,                0.29736,                0.81281,             0.00060608,             0.00060608,             0.00060608
                    179,                0.59706,                0.33914,                0.82025,                0.98335,                0.94806,                0.98807,                0.85578,                0.52747,                0.30232,                0.81444,             0.00059816,             0.00059816,             0.00059816
                    180,                0.60621,                0.35007,                0.82023,                0.97857,                0.95292,                0.98867,                0.85647,                0.52118,                0.30708,                0.81172,             0.00059024,             0.00059024,             0.00059024
                    181,                0.63607,                0.36054,                0.81489,                0.97171,                0.95506,                0.98663,                 0.8584,                0.52566,                0.30576,                0.81282,             0.00058232,             0.00058232,             0.00058232
                    182,                0.62551,                0.36093,                0.81449,                0.97821,                0.95185,                0.98871,                0.86189,                0.51657,                0.30482,                0.81355,              0.0005744,              0.0005744,              0.0005744
                    183,                0.61308,                0.35138,                0.80851,                0.97024,                0.96308,                0.98971,                0.87193,                0.50838,                0.29419,                0.81135,             0.00056648,             0.00056648,             0.00056648
                    184,                0.62695,                0.35262,                0.81996,                0.98014,                0.95056,                0.98654,                0.84871,                0.54278,                0.31198,                0.81495,             0.00055856,             0.00055856,             0.00055856
                    185,                0.61569,                0.34554,                0.81927,                 0.9785,                0.94969,                0.98758,                0.85325,                 0.5387,                0.29748,                0.81368,             0.00055064,             0.00055064,             0.00055064
                    186,                0.59762,                0.33688,                0.81987,                0.98175,                0.94993,                0.98937,                0.85302,                0.55416,                0.30416,                0.81351,             0.00054272,             0.00054272,             0.00054272
                    187,                0.61072,                0.33892,                0.81653,                0.98017,                0.95211,                0.98809,                0.85061,                0.55019,                0.30155,                 0.8133,              0.0005348,              0.0005348,              0.0005348
                    188,                0.64543,                0.36257,                0.81923,                0.97229,                0.95743,                0.98726,                 0.8595,                0.51641,                0.29797,                0.81168,             0.00052688,             0.00052688,             0.00052688
                    189,                0.61793,                0.35075,                0.81722,                0.98194,                 0.9598,                0.98998,                0.85902,                0.52797,                0.29808,                0.81321,             0.00051896,             0.00051896,             0.00051896
                    190,                0.61458,                0.34879,                0.81353,                0.98187,                0.95608,                0.98948,                0.85941,                0.52281,                0.28919,                0.81341,             0.00051104,             0.00051104,             0.00051104
                    191,                0.58809,                0.32978,                0.82217,                0.96767,                0.96088,                0.98866,                0.86662,                0.49715,                0.28472,                 0.8113,             0.00050312,             0.00050312,             0.00050312
                    192,                0.60377,                0.34457,                0.81098,                0.97964,                0.95987,                0.98955,                0.86932,                0.51018,                0.30129,                0.81171,              0.0004952,              0.0004952,              0.0004952
                    193,                0.61374,                0.34326,                0.80863,                0.98274,                0.95506,                0.98895,                0.87035,                0.49934,                0.28454,                0.81105,             0.00048728,             0.00048728,             0.00048728
                    194,                0.61528,                0.34242,                0.81438,                0.98099,                0.95506,                 0.9898,                0.86101,                 0.5305,                 0.2996,                0.81035,             0.00047936,             0.00047936,             0.00047936
                    195,                0.58636,                0.34841,                0.80904,                0.97863,                0.95185,                0.98897,                0.86928,                0.50383,                0.29271,                0.81094,             0.00047144,             0.00047144,             0.00047144
                    196,                0.61705,                0.34565,                 0.8138,                 0.9818,                0.95272,                0.98793,                0.86739,                0.50599,                0.29232,                0.81134,             0.00046352,             0.00046352,             0.00046352
                    197,                0.61337,                 0.3474,                0.81796,                0.98502,                0.94965,                0.98799,                 0.8584,                0.53712,                0.30088,                0.81197,              0.0004556,              0.0004556,              0.0004556
                    198,                0.61851,                0.34752,                0.81101,                0.98379,                0.95024,                0.98712,                0.85867,                0.52967,                0.29643,                0.81318,             0.00044768,             0.00044768,             0.00044768
                    199,                0.59607,                0.33799,                  0.813,                0.98348,                0.95561,                0.98989,                0.86945,                0.50555,                0.29505,                0.81183,             0.00043976,             0.00043976,             0.00043976
                    200,                 0.5615,                0.33114,                0.81416,                0.98195,                0.96055,                0.99021,                0.87258,                0.49514,                0.28345,                 0.8103,             0.00043184,             0.00043184,             0.00043184
                    201,                 0.5953,                0.34158,                0.81243,                0.97808,                0.95024,                0.98883,                0.87481,                0.48742,                0.28232,                0.81083,             0.00042392,             0.00042392,             0.00042392
                    202,                0.59757,                0.33383,                0.81797,                0.97867,                0.95506,                0.99005,                 0.8733,                0.49716,                 0.2856,                0.81256,               0.000416,               0.000416,               0.000416
                    203,                0.60603,                0.35184,                0.81182,                0.98022,                0.95452,                0.98704,                0.85561,                0.51598,                0.29902,                0.81063,             0.00040808,             0.00040808,             0.00040808
                    204,                0.57275,                0.32867,                0.80335,                0.98111,                0.95185,                0.98311,                 0.8522,                0.51857,                 0.2956,                0.81252,             0.00040016,             0.00040016,             0.00040016
                    205,                0.58074,                0.33833,                0.81072,                0.98353,                0.95867,                0.98576,                0.86584,                0.51756,                0.29772,                0.81172,             0.00039224,             0.00039224,             0.00039224
                    206,                0.57868,                0.32609,                0.81437,                0.98031,                 0.9588,                0.98819,                0.86993,                0.49021,                0.28563,                0.80869,             0.00038432,             0.00038432,             0.00038432
                    207,                0.58988,                0.32704,                0.80954,                 0.9812,                0.95987,                0.99014,                0.87258,                0.51203,                0.28633,                0.80975,              0.0003764,              0.0003764,              0.0003764
                    208,                0.57121,                0.32791,                 0.8168,                0.97947,                0.96148,                0.98817,                0.85791,                0.51239,                0.29044,                0.81128,             0.00036848,             0.00036848,             0.00036848
                    209,                 0.5688,                0.32751,                0.81589,                0.98352,                0.95784,                0.99011,                0.86632,                0.50261,                0.29244,                0.80924,             0.00036056,             0.00036056,             0.00036056
                    210,                0.57348,                0.33741,                0.80757,                 0.9817,                0.95666,                0.98766,                0.85641,                 0.5205,                 0.2915,                0.80937,             0.00035264,             0.00035264,             0.00035264
                    211,                0.59618,                0.34477,                0.81589,                0.98353,                0.95832,                0.98925,                0.87501,                0.49854,                0.28998,                0.80801,             0.00034472,             0.00034472,             0.00034472
                    212,                0.58804,                0.32986,                0.80888,                0.98447,                0.95506,                0.98565,                0.86746,                0.49998,                0.27893,                0.81023,              0.0003368,              0.0003368,              0.0003368
                    213,                0.59359,                0.33308,                0.80464,                0.98047,                0.95827,                 0.9902,                0.87277,                0.49519,                0.28278,                0.80873,             0.00032888,             0.00032888,             0.00032888
                    214,                0.59237,                0.33284,                0.80945,                0.97864,                0.95585,                0.98921,                0.86928,                  0.491,                0.28223,                0.80903,             0.00032096,             0.00032096,             0.00032096
                    215,                0.56234,                0.32081,                0.81531,                0.98021,                0.95666,                0.98642,                 0.8649,                0.51395,                0.28887,                0.80855,             0.00031304,             0.00031304,             0.00031304
                    216,                0.58898,                0.33745,                0.80291,                0.97964,                0.95827,                0.98964,                0.86384,                0.48933,                0.28016,                0.80836,             0.00030512,             0.00030512,             0.00030512
                    217,                0.57028,                0.32623,                0.80818,                0.97707,                0.95666,                0.99021,                0.86558,                0.49894,                0.27652,                0.80715,              0.0002972,              0.0002972,              0.0002972
                    218,                0.57095,                0.32679,                0.81454,                0.97699,                0.95398,                0.98958,                0.86884,                0.48862,                 0.2768,                0.80837,             0.00028928,             0.00028928,             0.00028928
                    219,                0.57486,                0.33312,                0.79859,                0.97861,                0.95453,                0.98974,                0.85825,                0.52878,                0.28343,                0.80883,             0.00028136,             0.00028136,             0.00028136
                    220,                0.57469,                0.31964,                0.80686,                0.98181,                0.95313,                0.98946,                0.86933,                 0.4879,                0.27279,                0.80658,             0.00027344,             0.00027344,             0.00027344
                    221,                 0.5398,                0.30932,                0.80598,                0.98352,                0.95806,                0.99022,                0.87836,                0.47894,                0.27373,                0.80709,             0.00026552,             0.00026552,             0.00026552
                    222,                0.56487,                0.31624,                0.81417,                0.98191,                0.95829,                0.98956,                0.87231,                0.49608,                0.28282,                0.80815,              0.0002576,              0.0002576,              0.0002576
                    223,                 0.5516,                0.31606,                0.80363,                0.98029,                0.95821,                0.99068,                0.87358,                0.49101,                0.27969,                0.80774,             0.00024968,             0.00024968,             0.00024968
                    224,                0.55373,                0.32696,                0.81311,                0.98225,                0.95666,                0.99107,                0.87764,                0.48013,                0.27639,                0.80742,             0.00024176,             0.00024176,             0.00024176
                    225,                0.56959,                0.32522,                0.80628,                0.98286,                0.95827,                0.99092,                0.87729,                 0.4802,                0.27566,                0.80732,             0.00023384,             0.00023384,             0.00023384
                    226,                0.55679,                 0.3203,                0.80417,                0.98199,                0.96287,                0.99078,                0.88121,                 0.4744,                0.27077,                0.80727,             0.00022592,             0.00022592,             0.00022592
                    227,                0.55903,                0.32879,                0.79909,                0.98504,                0.95108,                 0.9911,                0.87909,                0.47074,                0.27311,                 0.8059,               0.000218,               0.000218,               0.000218
                    228,                0.54042,                0.31523,                0.80536,                0.97449,                0.95827,                0.98811,                 0.8644,                0.48579,                0.27565,                0.80812,             0.00021008,             0.00021008,             0.00021008
                    229,                0.54255,                0.32003,                0.80871,                0.98191,                0.95833,                0.98997,                0.87658,                0.47822,                0.26906,                0.80735,             0.00020216,             0.00020216,             0.00020216
                    230,                0.56964,                0.32144,                0.80035,                0.98027,                0.95704,                0.98909,                0.86843,                 0.4856,                0.27761,                0.80666,             0.00019424,             0.00019424,             0.00019424
                    231,                0.55852,                0.31972,                0.81132,                 0.9824,                0.95666,                0.98969,                0.86609,                0.50154,                0.27785,                0.80619,             0.00018632,             0.00018632,             0.00018632
                    232,                0.54659,                0.32009,                0.80094,                 0.9809,                0.95666,                0.98994,                0.87382,                0.48109,                0.26836,                0.80631,              0.0001784,              0.0001784,              0.0001784
                    233,                0.56016,                0.31749,                0.80913,                0.98033,                0.96021,                0.98925,                0.87698,                0.47113,                0.27202,                0.80449,             0.00017048,             0.00017048,             0.00017048
                    234,                0.53622,                0.31897,                0.80934,                 0.9802,                0.95333,                0.98763,                0.87889,                0.46684,                0.26829,                0.80442,             0.00016256,             0.00016256,             0.00016256
                    235,                0.54929,                0.31323,                0.80806,                0.97869,                0.95987,                0.98839,                0.87596,                0.47785,                0.26461,                0.80571,             0.00015464,             0.00015464,             0.00015464
                    236,                0.54283,                0.31472,                0.81048,                0.97905,                0.95666,                0.98953,                0.87952,                0.46622,                0.26247,                0.80487,             0.00014672,             0.00014672,             0.00014672
                    237,                0.52483,                0.30691,                0.80395,                0.97707,                0.95754,                0.99013,                0.87782,                0.47189,                0.26773,                0.80464,              0.0001388,              0.0001388,              0.0001388
                    238,                0.53938,                 0.3123,                 0.7986,                0.98078,                0.95827,                0.99056,                0.88264,                 0.4598,                0.26728,                0.80391,             0.00013088,             0.00013088,             0.00013088
                    239,                0.54685,                0.31629,                0.81026,                0.98191,                0.95822,                0.99018,                0.87733,                0.46655,                0.26754,                0.80346,             0.00012296,             0.00012296,             0.00012296
                    240,                0.55747,                0.31573,                0.80768,                0.98349,                0.95609,                0.99053,                0.87974,                0.46774,                0.26661,                0.80349,             0.00011504,             0.00011504,             0.00011504
                    241,                0.56894,                0.33692,                0.80858,                0.98183,                0.95417,                0.98824,                0.87909,                0.47941,                0.27339,                0.80573,             0.00010712,             0.00010712,             0.00010712
                    242,                0.53848,                0.32311,                0.80409,                0.98569,                0.95506,                0.99078,                0.87876,                0.47471,                0.27141,                0.80502,               9.92e-05,               9.92e-05,               9.92e-05
                    243,                0.50942,                 0.3063,                0.80659,                0.98508,                 0.9538,                0.99016,                0.87512,                0.47893,                0.26685,                0.80477,              9.128e-05,              9.128e-05,              9.128e-05
                    244,                0.50429,                0.30316,                0.80362,                0.98664,                0.94865,                0.98791,                0.87191,                0.48071,                0.27285,                0.80424,              8.336e-05,              8.336e-05,              8.336e-05
                    245,                0.50786,                0.29895,                0.80461,                0.98606,                0.95024,                0.98902,                0.86825,                0.49642,                0.27474,                 0.8048,              7.544e-05,              7.544e-05,              7.544e-05
                    246,                0.51287,                0.30917,                0.80804,                0.98512,                 0.9564,                0.98992,                0.88167,                0.46943,                0.26668,                0.80406,              6.752e-05,              6.752e-05,              6.752e-05
                    247,                0.51946,                0.30235,                0.80851,                0.98189,                0.95827,                0.98918,                0.87374,                0.48055,                0.26999,                0.80385,               5.96e-05,               5.96e-05,               5.96e-05
                    248,                0.49383,                0.29405,                0.79908,                0.98105,                0.95666,                0.98948,                0.87166,                0.47788,                0.27032,                0.80357,              5.168e-05,              5.168e-05,              5.168e-05
                    249,                0.50123,                0.29373,                0.81759,                0.98186,                0.95578,                0.98998,                0.86972,                0.49119,                 0.2752,                0.80389,              4.376e-05,              4.376e-05,              4.376e-05
                    250,                0.50763,                0.29849,                0.80709,                0.98085,                0.95506,                0.99044,                0.87652,                0.47335,                0.26829,                0.80337,              3.584e-05,              3.584e-05,              3.584e-05
